engagement,mf,rf,nncf
like,11.647919876905869,1.3963699553481372,0.0697410798905738
reply,0.0,3.5248383928063647,-0.0071406528783916285
retweet,5.404510049449504,1.4212783047127924,-0.013287316189294168
retweet_with_comment,0.0,0.06055828858411157,0.002642462711638882
