engagement,mf,rf,nncf,intercept
like,0.3406585813023805,0.8247834058496939,0.007285147067196525,0.05227074195153098
reply,0.0,0.24547214484498373,-0.011266911529331153,0.002891999343412663
retweet,0.7669049863479316,0.891979443417697,0.0164408521633681,0.009324235893944122
retweet_with_comment,0.0,0.0033167409166430513,0.0005385480461510695,0.006376514329640559
