areaUnderPR-0.1,areaUnderPR-0.3,areaUnderPR-0.5,areaUnderPR-0.7,areaUnderPR-0.9,log_loss,model_name
0.026702596766291033,0.026702596766291033,0.026702596766291033,0.026702596766291033,0.026702596766291033,,mf
0.015093962415033987,0.030187924830067974,0.030187924830067974,0.030187924830067974,0.030187924830067974,0.1316282954253061,rf
0.03024233927498498,0.030964661404987773,0.029781987831450224,0.025139954189424746,0.015093962415033987,0.697951562851858,nncf
0.05738234755521385,0.026702596766291033,0.026702596766291033,0.026702596766291033,0.026702596766291033,0.11782958373837596,Ensemble
