areaUnderPR-0.1,areaUnderPR-0.3,areaUnderPR-0.5,areaUnderPR-0.7,areaUnderPR-0.9,log_loss,model_name
0.42160705536501714,0.42160705536501714,0.42160705536501714,0.42160705536501714,0.42160705536501714,,mf
0.4348260695721711,0.46649466772052617,0.5948863364541231,0.6834564060334848,0.4348260695721711,0.628112732944463,rf
0.43545386085124543,0.43538696421720186,0.429466292071784,0.4428474327238577,0.3082058002295424,0.7493472056955413,nncf
0.42444279575816934,0.485715019560638,0.5689818465810442,0.6222780918379788,0.42160705536501714,0.6219063034811472,Ensemble
