areaUnderPR-0.1,areaUnderPR-0.3,areaUnderPR-0.5,areaUnderPR-0.7,areaUnderPR-0.9,log_loss,model_name
0.007594316511513963,0.007594316511513963,0.007594316511513963,0.007594316511513963,0.007594316511513963,,mf
0.004598160735705718,0.009196321471411436,0.009196321471411436,0.009196321471411436,0.009196321471411436,0.0521190649003022,rf
0.009222133119486768,0.008708746272358013,0.008006916088134829,0.010554791559094646,0.004598160735705718,0.7125003692319545,nncf
0.007594316511513963,0.007594316511513963,0.007594316511513963,0.007594316511513963,0.007594316511513963,0.04478850305089037,Ensemble
