areaUnderPR-0.1,areaUnderPR-0.3,areaUnderPR-0.5,areaUnderPR-0.7,areaUnderPR-0.9,log_loss,model_name
0.08941695247427732,0.08941695247427732,0.08941695247427732,0.08941695247427732,0.08941695247427732,,mf
0.148980044100958,0.3172298067952306,0.41165304248670903,0.10795681727309077,0.10795681727309077,0.3224303719191296,rf
0.10795113684874465,0.10677411912428011,0.10193175249510959,0.09198156613452632,0.11114470613870854,0.8217760183965949,nncf
0.12755624918817743,0.23983855804681944,0.32596965405533596,0.39829522192317757,0.08941695247427732,0.2867253079786902,Ensemble
